modelname,DIC,BDIC
modelMixed4,-1918.6576010499275,-1458.6981488759016
modelMixed4_no_interaction,-1745.6695971431845,-1335.4694753676345
