condition,v,a,v_star,a_star
0,3.2284070729643126,0.7949205696874584,3.160390349560859,0.7374821412214754
1,3.4550496546329375,0.9859873145557373,3.523180889245778,1.0434865303811778
