condition,v,a,v_star,a_star
0,3.1527661821193504,0.729914626068272,3.160390349560859,0.7374821412214754
1,3.515450923119889,1.0358363280767398,3.523180889245778,1.0434865303811778
