condition,v,a,v_star,a_star
0,3.1904329161239726,0.7628509938348014,3.160390349560859,0.7374821412214754
1,3.4930570924381756,1.018093047572437,3.523180889245778,1.0434865303811778
