condition,v,a,v_star,a_star
0,3.1527597660884314,0.7299079280686859,3.160390349560859,0.7374821412214754
1,3.5154695021311526,1.0358321647495574,3.523180889245778,1.0434865303811778
