condition,v,a,v_star,a_star
0,3.1930707458007426,0.7650551654842688,3.160390349560859,0.7374821412214754
1,3.4904579147002193,1.0158433575569208,3.523180889245778,1.0434865303811778
