condition,v,a,v_star,a_star
0,3.198182329949125,0.7693957208403104,3.160390349560859,0.7374821412214754
1,3.4852971187413555,1.011455594456015,3.523180889245778,1.0434865303811778
