condition,v,a,v_star,a_star
0,3.2635137184707514,0.8245161841318599,3.160390349560859,0.7374821412214754
1,3.4199321717987097,0.9564117331927188,3.523180889245778,1.0434865303811778
