condition,v,a,v_star,a_star
0,3.244520108597381,0.8085092377354977,3.160390349560859,0.7374821412214754
1,3.4389812523747993,0.9724716511502112,3.523180889245778,1.0434865303811778
